root,affixed_form,affix_type,affix
aral,mag-aral,prefix,mag-
aral,nag-aral,prefix,nag-
akyat,mag-akyat,prefix,mag-
akyat,nag-akyat,prefix,nag-
alis,mag-alis,prefix,mag-
alis,nag-alis,prefix,nag-
alis,makaalis,prefix,maka-
awit,mag-awit,prefix,mag-
awit,nag-awit,prefix,nag-
ayos,mag-ayos,prefix,mag-
ayos,nag-ayos,prefix,nag-
abot,mag-abot,prefix,mag-
abot,nag-abot,prefix,nag-
abot,makaabot,prefix,maka-
alaga,mag-alaga,prefix,mag-
alaga,nag-alaga,prefix,nag-
agaw,mag-agaw,prefix,mag-
agaw,nag-agaw,prefix,nag-
alok,mag-alok,prefix,mag-
alok,nag-alok,prefix,nag-
basa,bumasa,infix,-um-
basa,magbasa,prefix,mag-
basa,nagbasa,prefix,nag-
basa,basahin,suffix,-in
bawal,magbawal,prefix,mag-
bawal,nagbawal,prefix,nag-
bilang,bumilang,infix,-um-
bilang,magbilang,prefix,mag-
bilang,nagbilang,prefix,nag-
bilang,bilangin,suffix,-in
bili,bumili,infix,-um-
bili,binili,infix,-in-
bili,magbili,prefix,mag-
bili,nagbili,prefix,nag-
bukas,magbukas,prefix,mag-
bukas,nagbukas,prefix,nag-
bukas,bukasan,suffix,-an
buhat,bumuhat,infix,-um-
buhat,binuhat,infix,-in-
buhat,magbuhat,prefix,mag-
buhat,buhatin,suffix,-in
bura,magbura,prefix,mag-
bura,nagbura,prefix,nag-
bura,burahin,suffix,-in
bihis,magbihis,prefix,mag-
bihis,nagbihis,prefix,nag-
bati,bumati,infix,-um-
bati,binati,infix,-in-
bati,magbati,prefix,mag-
bulong,bumulong,infix,-um-
bulong,binulong,infix,-in-
bulong,magbulong,prefix,mag-
dalaw,dumalaw,infix,-um-
dalaw,dinalaw,infix,-in-
dalaw,magdalaw,prefix,mag-
dalaw,dalawin,suffix,-in
dilig,magdilig,prefix,mag-
dilig,nagdilig,prefix,nag-
dilig,diligan,suffix,-an
daan,dumaan,infix,-um-
daan,dinaan,infix,-in-
daan,makadaan,prefix,maka-
dapa,dumapa,infix,-um-
dapa,dinapa,infix,-in-
dapa,magdapa,prefix,mag-
dampot,dumampot,infix,-um-
dampot,magdampot,prefix,mag-
dasal,dumasal,infix,-um-
dasal,magdasal,prefix,mag-
dasal,nagdasal,prefix,nag-
dikit,dumikit,infix,-um-
dikit,magdikit,prefix,mag-
dulas,dumulas,infix,-um-
dulas,magdulas,prefix,mag-
gamit,gumamit,infix,-um-
gamit,ginamit,infix,-in-
gamit,gamitin,suffix,-in
gupit,gumupit,infix,-um-
gupit,ginupit,infix,-in-
gupit,maggupit,prefix,mag-
gupit,gupitin,suffix,-in
gising,gumising,infix,-um-
gising,ginising,infix,-in-
gising,makagising,prefix,maka-
gawa,gumawa,infix,-um-
gawa,ginawa,infix,-in-
gawa,makagawa,prefix,maka-
gala,gumala,infix,-um-
gala,maggala,prefix,mag-
gasta,gumasta,infix,-um-
gasta,maggasta,prefix,mag-
guhit,gumuhit,infix,-um-
guhit,magguhit,prefix,mag-
halik,humalik,infix,-um-
halik,hinalik,infix,-in-
halik,maghalik,prefix,mag-
halik,halikan,suffix,-an
hanap,humanap,infix,-um-
hanap,hinanap,infix,-in-
hanap,maghanap,prefix,mag-
hanap,hanapin,suffix,-in
hawak,humawak,infix,-um-
hawak,hinawak,infix,-in-
hawak,maghawak,prefix,mag-
hawak,hawakan,suffix,-an
hati,humati,infix,-um-
hati,hinati,infix,-in-
hati,maghati,prefix,mag-
hati,hatiin,suffix,-in
hila,humila,infix,-um-
hila,hinila,infix,-in-
hila,maghila,prefix,mag-
hila,hilahin,suffix,-in
hiwa,humiwa,infix,-um-
hiwa,hiniwa,infix,-in-
hiwa,maghiwa,prefix,mag-
hiwa,hiwain,suffix,-in
higa,humiga,infix,-um-
higa,hiniga,infix,-in-
higa,makahiga,prefix,maka-
higa,higaan,suffix,-an
hugas,maghugas,prefix,mag-
hugas,naghugas,prefix,nag-
hugas,hugasan,suffix,-an
hiram,humiram,infix,-um-
hiram,hiniram,infix,-in-
hiram,maghiram,prefix,mag-
hiram,hiramin,suffix,-in
hinto,huminto,infix,-um-
hinto,maghinto,prefix,mag-
hinto,naghinto,prefix,nag-
hinga,huminga,infix,-um-
hinga,maghinga,prefix,mag-
hubad,humubad,infix,-um-
hubad,maghubad,prefix,mag-
iyak,mag-iyak,prefix,mag-
iyak,nag-iyak,prefix,nag-
iyak,makaiyak,prefix,maka-
isip,mag-isip,prefix,mag-
isip,nag-isip,prefix,nag-
isip,isipin,suffix,-in
ikot,mag-ikot,prefix,mag-
ikot,nag-ikot,prefix,nag-
iwas,mag-iwas,prefix,mag-
iwas,nag-iwas,prefix,nag-
iwas,iwasan,suffix,-an
inom,mag-inom,prefix,mag-
inom,nag-inom,prefix,nag-
ingay,mag-ingay,prefix,mag-
ingay,nag-ingay,prefix,nag-
iwan,mag-iwan,prefix,mag-
iwan,nag-iwan,prefix,nag-
kain,kumain,infix,-um-
kain,kinain,infix,-in-
kain,kainin,suffix,-in
kain,makakain,prefix,maka-
kagat,kumagat,infix,-um-
kagat,kinagat,infix,-in-
kagat,kagatin,suffix,-in
kanta,kumanta,infix,-um-
kanta,kinanta,infix,-in-
kanta,magkanta,prefix,mag-
kanta,kantahin,suffix,-in
kapa,kumapa,infix,-um-
kapa,kinapa,infix,-in-
kapa,kapain,suffix,-in
kita,kumita,infix,-um-
kita,kinita,infix,-in-
kita,makakita,prefix,maka-
kilos,kumilos,infix,-um-
kilos,kinilos,infix,-in-
kilos,makakilos,prefix,maka-
kuha,kumuha,infix,-um-
kuha,kinuha,infix,-in-
kuha,makakuha,prefix,maka-
kulo,kumulo,infix,-um-
kulo,magkulo,prefix,mag-
kulay,magkulay,prefix,mag-
kulay,nagkulay,prefix,nag-
labas,lumabas,infix,-um-
labas,maglabas,prefix,mag-
labas,naglabas,prefix,nag-
lakad,lumakad,infix,-um-
lakad,maglakad,prefix,mag-
lakad,naglakad,prefix,nag-
laro,maglaro,prefix,mag-
laro,naglaro,prefix,nag-
luto,magluto,prefix,mag-
luto,nagluto,prefix,nag-
lipad,lumipad,infix,-um-
lipad,maglipad,prefix,mag-
lipad,naglipad,prefix,nag-
linis,maglinis,prefix,mag-
linis,naglinis,prefix,nag-
linis,linisin,suffix,-in
lapit,lumapit,infix,-um-
lapit,makalapit,prefix,maka-
lapit,lapitan,suffix,-an
laban,lumaban,infix,-um-
laban,maglaban,prefix,mag-
laban,naglaban,prefix,nag-
laban,labanan,suffix,-an
lagay,maglagay,prefix,mag-
lagay,naglagay,prefix,nag-
lagay,lagayan,suffix,-an
langoy,lumangoy,infix,-um-
langoy,maglangoy,prefix,mag-
langoy,naglangoy,prefix,nag-
ligtas,makaligtas,prefix,maka-
ligtas,nagligtas,prefix,nag-
ligtas,magligtas,prefix,mag-
likha,lumikha,infix,-um-
likha,maglikha,prefix,mag-
likha,naglikha,prefix,nag-
linaw,luminaw,infix,-um-
linaw,maglinaw,prefix,mag-
nakaw,magnakaw,prefix,mag-
nakaw,nagnakaw,prefix,nag-
nakaw,nakawin,suffix,-in
ngiti,ngumiti,infix,-um-
ngiti,makangiti,prefix,maka-
palit,pumalit,infix,-um-
palit,pinalit,infix,-in-
palit,magpalit,prefix,mag-
palit,palitan,suffix,-an
pasok,pumasok,infix,-um-
pasok,pinasok,infix,-in-
pasok,magpasok,prefix,mag-
pasa,pumasa,infix,-um-
pasa,pinasa,infix,-in-
pasa,magpasa,prefix,mag-
palo,pumalo,infix,-um-
palo,pinalo,infix,-in-
palo,magpalo,prefix,mag-
pasyal,pumasyal,infix,-um-
pasyal,pinasyal,infix,-in-
pasyal,magpasyal,prefix,mag-
putol,pumutol,infix,-um-
putol,pinutol,infix,-in-
putol,magputol,prefix,mag-
punas,magpunas,prefix,mag-
punas,nagpunas,prefix,nag-
punas,punasan,suffix,-an
punta,pumunta,infix,-um-
punta,pinunta,infix,-in-
punta,magpunta,prefix,mag-
pili,pumili,infix,-um-
pili,pinili,infix,-in-
pili,makapili,prefix,maka-
pinta,magpinta,prefix,mag-
pinta,nagpinta,prefix,nag-
pinta,pintahan,suffix,-an
pulot,pumulot,infix,-um-
pulot,pinulot,infix,-in-
pulot,magpulot,prefix,mag-
pukpok,pumukpok,infix,-um-
pukpok,pinukpok,infix,-in-
pukpok,magpukpok,prefix,mag-
payag,pumayag,infix,-um-
payag,pinayag,infix,-in-
payag,makapayag,prefix,maka-
pitas,pumitas,infix,-um-
pitas,pinitas,infix,-in-
pitas,magpitas,prefix,mag-
sama,sumama,infix,-um-
sama,sinama,infix,-in-
sama,magsama,prefix,mag-
sama,samahan,suffix,-an
sagot,sumagot,infix,-um-
sagot,sinagot,infix,-in-
sagot,magsagot,prefix,mag-
sayaw,sumayaw,infix,-um-
sayaw,sinayaw,infix,-in-
sayaw,magsayaw,prefix,mag-
sayaw,sayawan,suffix,-an
sulat,sumulat,infix,-um-
sulat,sinulat,infix,-in-
sulat,magsulat,prefix,mag-
sulat,sulatin,suffix,-in
sipa,sumipa,infix,-um-
sipa,sinipa,infix,-in-
sipa,magsipa,prefix,mag-
sipa,sipain,suffix,-in
suntok,sumuntok,infix,-um-
suntok,sinuntok,infix,-in-
suntok,magsuntok,prefix,mag-
sara,magsara,prefix,mag-
sara,nagsara,prefix,nag-
sara,sarahan,suffix,-an
sigaw,sumigaw,infix,-um-
sigaw,sinigaw,infix,-in-
sigaw,magsigaw,prefix,mag-
sigaw,sigawan,suffix,-an
sakay,sumakay,infix,-um-
sakay,sinakay,infix,-in-
sakay,magsakay,prefix,mag-
sakay,sakayan,suffix,-an
sukat,sumukat,infix,-um-
sukat,sinukat,infix,-in-
sukat,magsukat,prefix,mag-
sukat,sukatin,suffix,-in
tago,tumago,infix,-um-
tago,tinago,infix,-in-
tago,magtago,prefix,mag-
takbo,tumakbo,infix,-um-
takbo,tinakbo,infix,-in-
takbo,magtakbo,prefix,mag-
tawag,tumawag,infix,-um-
tawag,tinawag,infix,-in-
tawag,magtawag,prefix,mag-
tawag,tawagan,suffix,-an
tawa,tumawa,infix,-um-
tawa,tinawa,infix,-in-
tawa,magtawa,prefix,mag-
tulong,tumulong,infix,-um-
tulong,tinulong,infix,-in-
tulong,magtulong,prefix,mag-
turo,magturo,prefix,mag-
turo,nagturo,prefix,nag-
talon,tumalon,infix,-um-
talon,tinalon,infix,-in-
talon,magtalon,prefix,mag-
tapon,magtapon,prefix,mag-
tapon,nagtapon,prefix,nag-
tapon,makatapon,prefix,maka-
tupi,tumupi,infix,-um-
tupi,tinupi,infix,-in-
tupi,magtupi,prefix,mag-
tupi,tupiin,suffix,-in
akay,mag-akay,prefix,mag-
akay,nag-akay,prefix,nag-
akay,makaakay,prefix,maka-
atras,mag-atras,prefix,mag-
atras,nag-atras,prefix,nag-
atras,pag-atras,prefix,pag-
asar,mag-asar,prefix,mag-
asar,nag-asar,prefix,nag-
asar,makaasar,prefix,maka-
asa,mag-asa,prefix,mag-
asa,nag-asa,prefix,nag-
asa,pag-asa,prefix,pag-
asa,makaasa,prefix,maka-
balot,bumalot,infix,-um-
balot,binalot,infix,-in-
balot,magbalot,prefix,mag-
bantay,bumantay,infix,-um-
bantay,binantay,infix,-in-
bantay,magbantay,prefix,mag-
bantay,bantayan,suffix,-an
bayad,bumayad,infix,-um-
bayad,binayad,infix,-in-
bayad,magbayad,prefix,mag-
bigay,bumigay,infix,-um-
bigay,magbigay,prefix,mag-
bigay,nagbigay,prefix,nag-
bigay,makabigay,prefix,maka-
bagsak,bumagsak,infix,-um-
bagsak,binagsak,infix,-in-
bagsak,magbagsak,prefix,mag-
biro,bumiro,infix,-um-
biro,biniro,infix,-in-
biro,magbiro,prefix,mag-
bawas,bumawas,infix,-um-
bawas,binawas,infix,-in-
bawas,bawasan,suffix,-an
buhos,bumuhos,infix,-um-
buhos,binuhos,infix,-in-
buhos,magbuhos,prefix,mag-
bulag,bumulag,infix,-um-
bulag,binulag,infix,-in-
bulag,bulagin,suffix,-in
bugbog,bumugbog,infix,-um-
bugbog,binugbog,infix,-in-
bugbog,magbugbog,prefix,mag-
baklas,bumaklas,infix,-um-
baklas,binaklas,infix,-in-
baklas,baklasin,suffix,-in
balita,magbalita,prefix,mag-
balita,nagbalita,prefix,nag-
balita,pagbalita,prefix,pag-
batas,magbatas,prefix,mag-
batas,nagbatas,prefix,nag-
batas,bumatas,infix,-um-
dala,magdala,prefix,mag-
dala,nagdala,prefix,nag-
dala,dinala,infix,-in-
dami,dumami,infix,-um-
dami,dinami,infix,-in-
dami,magdami,prefix,mag-
dusa,magdusa,prefix,mag-
dusa,nagdusa,prefix,nag-
dusa,pagdusa,prefix,pag-
dagdag,dumagdag,infix,-um-
dagdag,dinagdag,infix,-in-
dagdag,dagdagan,suffix,-an
dikta,magdikta,prefix,mag-
dikta,nagdikta,prefix,nag-
dikta,dinikta,infix,-in-
damay,dumamay,infix,-um-
damay,dinamay,infix,-in-
damay,damayan,suffix,-an
dila,dumila,infix,-um-
dila,magdila,prefix,mag-
dila,dilaan,suffix,-an
diwang,magdiwang,prefix,mag-
diwang,nagdiwang,prefix,nag-
diwang,pagdiwang,prefix,pag-
dungaw,dumungaw,infix,-um-
dungaw,dinungaw,infix,-in-
dungaw,magdungaw,prefix,mag-
ganda,gumanda,infix,-um-
ganda,ginanda,infix,-in-
ganda,magganda,prefix,mag-
gulo,gumulo,infix,-um-
gulo,ginulo,infix,-in-
gulo,maggulo,prefix,mag-
galit,gumalit,infix,-um-
galit,ginalit,infix,-in-
galit,maggalit,prefix,mag-
ganti,gumanti,infix,-um-
ganti,ginanti,infix,-in-
ganti,gantihan,suffix,-an
gapang,gumapang,infix,-um-
gapang,ginapang,infix,-in-
gapang,gapangin,suffix,-in
giling,gumiling,infix,-um-
giling,giniling,infix,-in-
giling,maggiling,prefix,mag-
gamot,gumamot,infix,-um-
gamot,ginamot,infix,-in-
gamot,maggamot,prefix,mag-
gayat,gumayat,infix,-um-
gayat,ginayat,infix,-in-
gayat,gayatin,suffix,-in
giit,gumiit,infix,-um-
giit,giniit,infix,-in-
giit,maggiit,prefix,mag-
habol,humabol,infix,-um-
habol,hinabol,infix,-in-
habol,maghabol,prefix,mag-
handa,maghanda,prefix,mag-
handa,naghanda,prefix,nag-
handa,paghanda,prefix,pag-
hango,humango,infix,-um-
hango,hinango,infix,-in-
hango,maghango,prefix,mag-
huli,humuli,infix,-um-
huli,hinuli,infix,-in-
huli,hulihin,suffix,-in
husay,humusay,infix,-um-
husay,hinusay,infix,-in-
husay,maghusay,prefix,mag-
hula,humula,infix,-um-
hula,hinula,infix,-in-
hula,hulaan,suffix,-an
hiyaw,humiyaw,infix,-um-
hiyaw,hiniyaw,infix,-in-
hiyaw,maghiyaw,prefix,mag-
haplos,humaplos,infix,-um-
haplos,hinaplos,infix,-in-
haplos,maghaplos,prefix,mag-
hingi,humingi,infix,-um-
hingi,hiningi,infix,-in-
hingi,maghingi,prefix,mag-
hatid,humatid,infix,-um-
hatid,hinatid,infix,-in-
hatid,maghatid,prefix,mag-
hukay,humukay,infix,-um-
hukay,hinukay,infix,-in-
hukay,hukayin,suffix,-in
hili,humili,infix,-um-
hili,hinili,infix,-in-
hili,maghili,prefix,mag-
ipon,mag-ipon,prefix,mag-
ipon,nag-ipon,prefix,nag-
ipon,pag-ipon,prefix,pag-
ingat,mag-ingat,prefix,mag-
ingat,nag-ingat,prefix,nag-
ingat,pag-ingat,prefix,pag-
ihaw,mag-ihaw,prefix,mag-
ihaw,nag-ihaw,prefix,nag-
ihaw,pag-ihaw,prefix,pag-
init,mag-init,prefix,mag-
init,nag-init,prefix,nag-
init,pag-init,prefix,pag-
igib,mag-igib,prefix,mag-
igib,nag-igib,prefix,nag-
igib,pag-igib,prefix,pag-
karga,kumarga,infix,-um-
karga,kinarga,infix,-in-
karga,kargahan,suffix,-an
kaba,kumaba,infix,-um-
kaba,kinaba,infix,-in-
kaba,kabahan,suffix,-an
kaway,kumaway,infix,-um-
kaway,kinaway,infix,-in-
kaway,kawayan,suffix,-an
kiskis,kumiskis,infix,-um-
kiskis,kiniskis,infix,-in-
kiskis,kiskisin,suffix,-in
kurot,kumurot,infix,-um-
kurot,kinurot,infix,-in-
kurot,magkurot,prefix,mag-
kuskos,kumuskos,infix,-um-
kuskos,kinuskos,infix,-in-
kuskos,magkuskos,prefix,mag-
kalat,kumalat,infix,-um-
kalat,kinalat,infix,-in-
kalat,kalatan,suffix,-an
kulang,kumulang,infix,-um-
kulang,kinulang,infix,-in-
kulang,magkulang,prefix,mag-
kumpas,kumumpas,infix,-um-
kumpas,kinumpas,infix,-in-
kumpas,magkumpas,prefix,mag-
kasal,kinasal,infix,-in-
kasal,magkasal,prefix,mag-
kasal,nagkasal,prefix,nag-
kusa,kumusa,infix,-um-
kusa,magkusa,prefix,mag-
kusa,nagkusa,prefix,nag-
kwento,magkwento,prefix,mag-
kwento,nagkwento,prefix,nag-
kwento,pagkwento,prefix,pag-
kumot,magkumot,prefix,mag-
kumot,nagkumot,prefix,nag-
kumot,pagkumot,prefix,pag-
laba,maglaba,prefix,mag-
laba,naglaba,prefix,nag-
laba,paglaba,prefix,pag-
labo,lumabo,infix,-um-
labo,linabo,infix,-in-
labo,maglabo,prefix,mag-
lakas,lumakas,infix,-um-
lakas,linakas,infix,-in-
lakas,maglakas,prefix,mag-
layo,lumayo,infix,-um-
layo,linayo,infix,-in-
layo,maglayo,prefix,mag-
litrato,maglitrato,prefix,mag-
litrato,naglitrato,prefix,nag-
litrato,paglitrato,prefix,pag-
lungkot,lumungkot,infix,-um-
lungkot,maglungkot,prefix,mag-
lungkot,naglungkot,prefix,nag-
lamon,lumamon,infix,-um-
lamon,linamon,infix,-in-
lamon,maglamon,prefix,mag-
lusot,lumusot,infix,-um-
lusot,linusot,infix,-in-
lusot,maglusot,prefix,mag-
lundag,lumundag,infix,-um-
lundag,linundag,infix,-in-
lundag,lundagan,suffix,-an
layag,lumayag,infix,-um-
layag,maglayag,prefix,mag-
layag,naglayag,prefix,nag-
laglag,lumaglag,infix,-um-
laglag,linaglag,infix,-in-
laglag,laglagan,suffix,-an
lapat,lumapat,infix,-um-
lapat,linapat,infix,-in-
lapat,lapatan,suffix,-an
lason,lumason,infix,-um-
lason,linason,infix,-in-
lason,maglason,prefix,mag-
mahal,magmahal,prefix,mag-
mahal,nagmahal,prefix,nag-
mahal,mahalin,suffix,-in
maneho,magmaneho,prefix,mag-
maneho,nagmaneho,prefix,nag-
maneho,pagmaneho,prefix,pag-
masid,magmasid,prefix,mag-
masid,nagmasid,prefix,nag-
masid,pagmasid,prefix,pag-
meryenda,magmeryenda,prefix,mag-
meryenda,nagmeryenda,prefix,nag-
meryenda,pagmeryenda,prefix,pag-
mura,magmura,prefix,mag-
mura,nagmura,prefix,nag-
mura,murahan,suffix,-an
nipis,numipis,infix,-um-
nipis,magnipis,prefix,mag-
nipis,nagnipis,prefix,nag-
ngata,ngumata,infix,-um-
ngata,nginata,infix,-in-
ngata,ngatain,suffix,-in
ngatngat,ngumatngat,infix,-um-
ngatngat,nginatngat,infix,-in-
ngatngat,ngatngatin,suffix,-in
patay,pumatay,infix,-um-
patay,pinatay,infix,-in-
patay,patayin,suffix,-in
payo,pumayo,infix,-um-
payo,pinayo,infix,-in-
payo,magpayo,prefix,mag-
pansin,pumansin,infix,-um-
pansin,pinansin,infix,-in-
pansin,pansinin,suffix,-in
pikit,pumikit,infix,-um-
pikit,pinikit,infix,-in-
pikit,magpikit,prefix,mag-
pisil,pumisil,infix,-um-
pisil,pinisil,infix,-in-
pisil,pisilin,suffix,-in
piga,pumiga,infix,-um-
piga,piniga,infix,-in-
piga,pigain,suffix,-in
prito,magprito,prefix,mag-
prito,nagprito,prefix,nag-
prito,pinrito,infix,-in-
pilit,pumilit,infix,-um-
pilit,pinilit,infix,-in-
pilit,pilitin,suffix,-in
pigil,pumigil,infix,-um-
pigil,pinigil,infix,-in-
pigil,pigilin,suffix,-in
patak,pumatak,infix,-um-
patak,pinatak,infix,-in-
patak,patakan,suffix,-an
pawis,magpawis,prefix,mag-
pawis,nagpawis,prefix,nag-
pawis,pinawis,infix,-in-
plano,magplano,prefix,mag-
plano,nagplano,prefix,nag-
plano,pinlano,infix,-in-
pirma,pumirma,infix,-um-
pirma,pinirma,infix,-in-
pirma,pirmahan,suffix,-an
pako,pumako,infix,-um-
pako,pinako,infix,-in-
pako,magpako,prefix,mag-
regalo,magregalo,prefix,mag-
regalo,nagregalo,prefix,nag-
regalo,pagregalo,prefix,pag-
reseta,magreseta,prefix,mag-
reseta,nagreseta,prefix,nag-
reseta,rineseta,infix,-in-
sabay,sumabay,infix,-um-
sabay,sinabay,infix,-in-
sabay,sabayan,suffix,-an
sabi,sumabi,infix,-um-
sabi,sinabi,infix,-in-
sabi,sabihin,suffix,-in
sagip,sumagip,infix,-um-
sagip,sinagip,infix,-in-
sagip,sagipin,suffix,-in
saksi,sumaksi,infix,-um-
saksi,sinaksi,infix,-in-
saksi,saksihan,suffix,-an
salita,sumalita,infix,-um-
salita,sinalita,infix,-in-
salita,salitain,suffix,-in
sanay,sumanay,infix,-um-
sanay,sinanay,infix,-in-
sanay,sanayin,suffix,-in
siksik,sumiksik,infix,-um-
siksik,siniksik,infix,-in-
siksik,siksikin,suffix,-in
silip,sumilip,infix,-um-
silip,sinilip,infix,-in-
silip,silipin,suffix,-in
sira,sumira,infix,-um-
sira,sinira,infix,-in-
sira,sirain,suffix,-in
sisi,sumisi,infix,-um-
sisi,sinisi,infix,-in-
sisi,sisihin,suffix,-in
subok,sumubok,infix,-um-
subok,sinubok,infix,-in-
subok,magsubok,prefix,mag-
sugat,sumugat,infix,-um-
sugat,sinugat,infix,-in-
sugat,sugatan,suffix,-an
sugod,sumugod,infix,-um-
sugod,sinugod,infix,-in-
sugod,magsugod,prefix,mag-
suot,sumuot,infix,-um-
suot,sinuot,infix,-in-
suot,magsuot,prefix,mag-
sunggab,sumunggab,infix,-um-
sunggab,sinunggab,infix,-in-
sunggab,sunggaban,suffix,-an
suklay,sumuklay,infix,-um-
suklay,sinuklay,infix,-in-
suklay,suklayan,suffix,-an
sabog,sumabog,infix,-um-
sabog,sinabog,infix,-in-
sabog,magsabog,prefix,mag-
sampa,sumampa,infix,-um-
sampa,sinampa,infix,-in-
sampa,sampahan,suffix,-an
silong,sumilong,infix,-um-
silong,sinilong,infix,-in-
silong,magsilong,prefix,mag-
taba,tumaba,infix,-um-
taba,tinaba,infix,-in-
taba,magtaba,prefix,mag-
takot,tumakot,infix,-um-
takot,tinakot,infix,-in-
takot,magtakot,prefix,mag-
tama,tumama,infix,-um-
tama,tinama,infix,-in-
tama,magtama,prefix,mag-
tanong,tumanong,infix,-um-
tanong,tinanong,infix,-in-
tanong,magtanong,prefix,mag-
tanggap,tumanggap,infix,-um-
tanggap,tinanggap,infix,-in-
tanggap,tanggapin,suffix,-in
tapos,tumapos,infix,-um-
tapos,tinapos,infix,-in-
tapos,magtapos,prefix,mag-
tikim,tumikim,infix,-um-
tikim,tinikim,infix,-in-
tikim,magtikim,prefix,mag-
tingin,tumingin,infix,-um-
tingin,tiningin,infix,-in-
tingin,magtingin,prefix,mag-
tipon,tumipon,infix,-um-
tipon,tinipon,infix,-in-
tipon,magtipon,prefix,mag-
tira,tumira,infix,-um-
tira,tinira,infix,-in-
tira,tirahan,suffix,-an
tiwala,tumiwala,infix,-um-
tiwala,magtiwala,prefix,mag-
tiwala,nagtiwala,prefix,nag-
tibag,tumibag,infix,-um-
tibag,tinibag,infix,-in-
tibag,tibagin,suffix,-in
tinda,tuminda,infix,-um-
tinda,tininda,infix,-in-
tinda,magtinda,prefix,mag-
tugtog,tumugtog,infix,-um-
tugtog,tinugtog,infix,-in-
tugtog,magtugtog,prefix,mag-
tulak,tumulak,infix,-um-
tulak,tinulak,infix,-in-
tulak,tulakan,suffix,-an
tumba,tumumba,infix,-um-
tumba,tinumba,infix,-in-
tumba,magtumba,prefix,mag-
tukso,tumukso,infix,-um-
tukso,tinukso,infix,-in-
tukso,magtukso,prefix,mag-
tagal,tumagal,infix,-um-
tagal,tinagal,infix,-in-
tagal,magtagal,prefix,mag-
ubo,mag-ubo,prefix,mag-
ubo,nag-ubo,prefix,nag-
ubo,pag-ubo,prefix,pag-
ulat,mag-ulat,prefix,mag-
ulat,nag-ulat,prefix,nag-
ulat,pag-ulat,prefix,pag-
usap,mag-usap,prefix,mag-
usap,nag-usap,prefix,nag-
usap,pag-usap,prefix,pag-
utang,mag-utang,prefix,mag-
utang,nag-utang,prefix,nag-
utang,pag-utang,prefix,pag-
upo,mag-upo,prefix,mag-
upo,nag-upo,prefix,nag-
upo,pag-upo,prefix,pag-
uwi,mag-uwi,prefix,mag-
uwi,nag-uwi,prefix,nag-
uwi,pag-uwi,prefix,pag-
ulit,mag-ulit,prefix,mag-
ulit,nag-ulit,prefix,nag-
ulit,pag-ulit,prefix,pag-
